[
  {
    "name": "hello_world",
    "image": "hello-world",
    "cpu": 10,
    "memory": 500,
    "essential": true,
    "networkMode": "host",
    "portMappings": [
        {
         "containerPort": 80,
         "hostPort": 80,
         "protocol": "tcp"
        }
    ],
    "logConfiguration": {
      "logDriver": "awslogs",
      "options": {
        "awslogs-region": "us-east-1",
        "awslogs-group": "hello_world",
        "awslogs-stream-prefix": "complete-ecs"
      }
    }
  }
]