[
    {
      "Classification": "hive-site",
      "Properties": {
        "hive.metastore.client.factory.class": "com.amazonaws.glue.catalog.metastore.AWSGlueDataCatalogHiveClientFactory"
      },
      "Configurations": []
    },
    {
      "Classification": "presto-connector-hive",
      "Properties": {
        "hive.metastore": "glue"
      },
      "Configurations": []
    },
    {
      "Classification": "spark-env",
      "Properties": {
        "PYSPARK_PYTHON": "/usr/bin/python3"
      },
      "Configurations": []
    },
    {
      "Classification": "spark-hive-site",
      "Properties": {
        "hive.metastore.client.factory.class": "com.amazonaws.glue.catalog.metastore.AWSGlueDataCatalogHiveClientFactory"
      },
      "Configurations": []
    }
  ]