{"Modules":[{"Key":"terraform-aws-lambda","Source":"cps-terraform.anthem.com/DIG/terraform-aws-lambda/aws","Version":"0.2.4","Dir":".terraform/modules/terraform-aws-lambda"},{"Key":"terraform-aws-eks-cluster.fargate_profile.eks-fargate-profile-role","Source":"cps-terraform.anthem.com/DIG/terraform-aws-iam-role/aws","Version":"0.1.4","Dir":".terraform/modules/terraform-aws-eks-cluster.fargate_profile.eks-fargate-profile-role"},{"Key":"terraform-aws-eks-splunk","Source":"cps-terraform.anthem.com/DIG/terraform-aws-eks-splunk/aws","Version":"0.0.7","Dir":".terraform/modules/terraform-aws-eks-splunk"},{"Key":"terraform-aws-ami-from-instance","Source":"cps-terraform.anthem.com/DIG/terraform-aws-ami-from-instance/aws","Version":"0.0.3","Dir":".terraform/modules/terraform-aws-ami-from-instance"},{"Key":"terraform-aws-eks-external-dns.terraform-external-dns-update-policy.mandatory_tags","Source":"cps-terraform.anthem.com/DIG/terraform-aws-mandatory-tags/aws","Version":"0.0.4","Dir":".terraform/modules/terraform-aws-eks-external-dns.terraform-external-dns-update-policy.mandatory_tags"},{"Key":"terraform-aws-alb","Source":"cps-terraform.anthem.com/DIG/terraform-aws-alb/aws","Version":"0.2.7","Dir":".terraform/modules/terraform-aws-alb"},{"Key":"terraform-aws-ec2-asg-notification","Source":"cps-terraform.anthem.com/DIG/terraform-aws-ec2-asg-notification/aws","Version":"0.0.1","Dir":".terraform/modules/terraform-aws-ec2-asg-notification"},{"Key":"terraform-aws-ec2-asg","Source":"cps-terraform.anthem.com/DIG/terraform-aws-ec2-asg/aws","Version":"0.2.4","Dir":".terraform/modules/terraform-aws-ec2-asg"},{"Key":"terraform-aws-dms-s3-endpoint","Source":"cps-terraform.anthem.com/DIG/terraform-aws-dms-s3-endpoint/aws","Version":"0.0.1","Dir":".terraform/modules/terraform-aws-dms-s3-endpoint"},{"Key":"terraform-aws-ecs-alb","Source":"cps-terraform.anthem.com/DIG/terraform-aws-ecs-alb/aws","Version":"0.1.8","Dir":".terraform/modules/terraform-aws-ecs-alb"},{"Key":"terraform-aws-dms-replication-task","Source":"cps-terraform.anthem.com/DIG/terraform-aws-dms-replication-task/aws","Version":"0.0.4","Dir":".terraform/modules/terraform-aws-dms-replication-task"},{"Key":"terraform-aws-ec2-db","Source":"cps-terraform.anthem.com/DIG/terraform-aws-ec2-db/aws","Version":"0.1.3","Dir":".terraform/modules/terraform-aws-ec2-db"},{"Key":"terraform_aws_kms_service","Source":"cps-terraform.anthem.com/DIG/terraform-aws-kms-service/aws","Version":"0.1.7","Dir":".terraform/modules/terraform_aws_kms_service"},{"Key":"terraform-aws-ecs-alb.mandatory_tags","Source":"cps-terraform.anthem.com/DIG/terraform-aws-mandatory-tags/aws","Version":"0.0.4","Dir":".terraform/modules/terraform-aws-ecs-alb.mandatory_tags"},{"Key":"terraform-aws-eks-cluster.karpenter.cloudwatch_log_event_rule","Source":"cps-terraform.anthem.com/DIG/terraform-aws-eventbridge-rule/aws","Version":"0.0.5","Dir":".terraform/modules/terraform-aws-eks-cluster.karpenter.cloudwatch_log_event_rule"},{"Key":"terraform-aws-dms-certificate","Source":"cps-terraform.anthem.com/DIG/terraform-aws-dms-certificate/aws","Version":"0.0.5","Dir":".terraform/modules/terraform-aws-dms-certificate"},{"Key":"terraform-aws-eks-cluster.karpenter.event_bridge_target","Source":"cps-terraform.anthem.com/DIG/terraform-aws-eventbridge-target/aws","Version":"0.0.4","Dir":".terraform/modules/terraform-aws-eks-cluster.karpenter.event_bridge_target"},{"Key":"terraform-aws-ecs-bundle","Source":"cps-terraform.anthem.com/DIG/terraform-aws-ecs-bundle/aws","Version":"0.0.2","Dir":".terraform/modules/terraform-aws-ecs-bundle"},{"Key":"terraform-aws-sg","Source":"cps-terraform.anthem.com/DIG/terraform-aws-sg/aws","Version":"0.2.1","Dir":".terraform/modules/terraform-aws-sg"},{"Key":"terraform-aws-eks-argocd","Source":"cps-terraform.anthem.com/DIG/terraform-aws-eks-argocd/aws","Version":"0.0.3","Dir":".terraform/modules/terraform-aws-eks-argocd"},{"Key":"terraform-aws-eks-cluster.karpenter.terraform-aws-sqs","Source":"cps-terraform.anthem.com/DIG/terraform-aws-sqs/aws","Version":"0.1.2","Dir":".terraform/modules/terraform-aws-eks-cluster.karpenter.terraform-aws-sqs"},{"Key":"terraform-aws-eks-datadog.terraform_helm_datadog","Source":"cps-terraform.anthem.com/DIG/terraform-aws-helm-release/aws","Version":"0.0.1","Dir":".terraform/modules/terraform-aws-eks-datadog.terraform_helm_datadog"},{"Key":"terraform-aws-api-gateway-base-path-mapping","Source":"cps-terraform.anthem.com/DIG/terraform-aws-api-gateway-base-path-mapping/aws","Version":"0.0.1","Dir":".terraform/modules/terraform-aws-api-gateway-base-path-mapping"},{"Key":"terraform-aws-eks-hashicorp-vault.terraform-aws-helm-release-vault","Source":"cps-terraform.anthem.com/DIG/terraform-aws-helm-release/aws","Version":"0.0.1","Dir":".terraform/modules/terraform-aws-eks-hashicorp-vault.terraform-aws-helm-release-vault"},{"Key":"terraform-aws-eks-ingress-nginx","Source":"cps-terraform.anthem.com/DIG/terraform-aws-eks-ingress-nginx/aws","Version":"0.0.2","Dir":".terraform/modules/terraform-aws-eks-ingress-nginx"},{"Key":"terraform-aws-eks-external-dns.terraform-external-dns-role","Source":"cps-terraform.anthem.com/DIG/terraform-aws-iam-role/aws","Version":"0.1.3","Dir":".terraform/modules/terraform-aws-eks-external-dns.terraform-external-dns-role"},{"Key":"terraform-aws-eks-cluster.cluster-autoscaler.terraform-aws-helm-release-cluster-autoscaler","Source":"cps-terraform.anthem.com/DIG/terraform-aws-helm-release/aws","Version":"0.0.1","Dir":".terraform/modules/terraform-aws-eks-cluster.cluster-autoscaler.terraform-aws-helm-release-cluster-autoscaler"},{"Key":"terraform-aws-eks-namespace","Source":"cps-terraform.anthem.com/DIG/terraform-aws-eks-namespace/aws","Version":"0.0.3","Dir":".terraform/modules/terraform-aws-eks-namespace"},{"Key":"mandatory_tags","Source":"cps-terraform.anthem.com/DIG/terraform-aws-mandatory-tags-v2/aws","Version":"0.0.1","Dir":".terraform/modules/mandatory_tags"},{"Key":"terraform-aws-eks-external-dns.terraform-external-dns-role.mandatory_tags","Source":"cps-terraform.anthem.com/DIG/terraform-aws-mandatory-tags/aws","Version":"0.0.4","Dir":".terraform/modules/terraform-aws-eks-external-dns.terraform-external-dns-role.mandatory_tags"},{"Key":"terraform-aws-ecr-pull-through-cache-rule","Source":"cps-terraform.anthem.com/DIG/terraform-aws-ecr-pull-through-cache-rule/aws","Version":"0.0.1","Dir":".terraform/modules/terraform-aws-ecr-pull-through-cache-rule"},{"Key":"terraform-aws-ecs.mandatory_tags","Source":"cps-terraform.anthem.com/DIG/terraform-aws-mandatory-tags/aws","Version":"0.0.4","Dir":".terraform/modules/terraform-aws-ecs.mandatory_tags"},{"Key":"terraform-aws-eks-windows-node-group.iamrole_nodegroup","Source":"cps-terraform.anthem.com/DIG/terraform-aws-iam-role/aws","Version":"0.1.4","Dir":".terraform/modules/terraform-aws-eks-windows-node-group.iamrole_nodegroup"},{"Key":"terraform-aws-eks-windows-node-group","Source":"cps-terraform.anthem.com/DIG/terraform-aws-eks-windows-node-group/aws","Version":"0.0.3","Dir":".terraform/modules/terraform-aws-eks-windows-node-group"},{"Key":"terraform-aws-eks-istio-ingress.terraform_helm_istio_ingress","Source":"cps-terraform.anthem.com/DIG/terraform-aws-helm-release/aws","Version":"0.0.1","Dir":".terraform/modules/terraform-aws-eks-istio-ingress.terraform_helm_istio_ingress"},{"Key":"terraform-aws-eks-hashicorp-vault","Source":"cps-terraform.anthem.com/DIG/terraform-aws-eks-hashicorp-vault/aws","Version":"0.0.4","Dir":".terraform/modules/terraform-aws-eks-hashicorp-vault"},{"Key":"terraform-aws-eks-calico-addon","Source":"cps-terraform.anthem.com/DIG/terraform-aws-eks-calico-addon/aws","Version":"0.0.1","Dir":".terraform/modules/terraform-aws-eks-calico-addon"},{"Key":"instance-profile","Source":"cps-terraform.anthem.com/DIG/terraform-aws-iam-instance-profile/aws","Version":"0.0.7","Dir":".terraform/modules/instance-profile"},{"Key":"","Source":"","Dir":"."},{"Key":"iam-role","Source":"cps-terraform.anthem.com/DIG/terraform-aws-iam-role/aws","Version":"0.1.4","Dir":".terraform/modules/iam-role"},{"Key":"terraform-aws-api-gateway-client-certificate","Source":"cps-terraform.anthem.com/DIG/terraform-aws-api-gateway-client-certificate/aws","Version":"0.0.2","Dir":".terraform/modules/terraform-aws-api-gateway-client-certificate"},{"Key":"terraform-aws-eks-external-dns","Source":"cps-terraform.anthem.com/DIG/terraform-aws-eks-external-dns/aws","Version":"0.0.1","Dir":".terraform/modules/terraform-aws-eks-external-dns"},{"Key":"terraform-aws-ecr-registry-scanning-configuration","Source":"cps-terraform.anthem.com/DIG/terraform-aws-ecr-registry-scanning-configuration/aws","Version":"0.0.1","Dir":".terraform/modules/terraform-aws-ecr-registry-scanning-configuration"},{"Key":"terraform-aws-ec2-capacity-reservation","Source":"cps-terraform.anthem.com/DIG/terraform-aws-ec2-capacity-reservation/aws","Version":"0.0.2","Dir":".terraform/modules/terraform-aws-ec2-capacity-reservation"},{"Key":"terraform-aws-eks-cluster.karpenter","Source":"./karpenter","Dir":".terraform/modules/terraform-aws-eks-cluster/karpenter"},{"Key":"terraform-aws-ecr","Source":"cps-terraform.anthem.com/DIG/terraform-aws-ecr/aws","Version":"0.1.5","Dir":".terraform/modules/terraform-aws-ecr"},{"Key":"terraform-aws-eks-calico-addon.terraform_helm_calico_addon","Source":"cps-terraform.anthem.com/DIG/terraform-aws-helm-release/aws","Version":"0.0.1","Dir":".terraform/modules/terraform-aws-eks-calico-addon.terraform_helm_calico_addon"},{"Key":"terraform-aws-ecs","Source":"cps-terraform.anthem.com/DIG/terraform-aws-ecs/aws","Version":"0.1.7","Dir":".terraform/modules/terraform-aws-ecs"},{"Key":"terraform-aws-eks-cluster.karpenter.terraform-aws-helm-release-karpenter","Source":"cps-terraform.anthem.com/DIG/terraform-aws-helm-release/aws","Version":"0.0.1","Dir":".terraform/modules/terraform-aws-eks-cluster.karpenter.terraform-aws-helm-release-karpenter"},{"Key":"terraform-aws-api-gateway-account","Source":"cps-terraform.anthem.com/DIG/terraform-aws-api-gateway-account/aws","Version":"0.0.3","Dir":".terraform/modules/terraform-aws-api-gateway-account"},{"Key":"terraform-aws-api-gateway-authorizer","Source":"cps-terraform.anthem.com/DIG/terraform-aws-api-gateway-authorizer/aws","Version":"0.0.2","Dir":".terraform/modules/terraform-aws-api-gateway-authorizer"},{"Key":"terraform-aws-eks-splunk.terraform_helm_splunk","Source":"cps-terraform.anthem.com/DIG/terraform-aws-helm-release/aws","Version":"0.0.1","Dir":".terraform/modules/terraform-aws-eks-splunk.terraform_helm_splunk"},{"Key":"terraform-aws-dms-replication-subnet-group","Source":"cps-terraform.anthem.com/DIG/terraform-aws-dms-replication-subnet-group/aws","Version":"0.0.4","Dir":".terraform/modules/terraform-aws-dms-replication-subnet-group"},{"Key":"terraform_aws_kms_service.mandatory_tags","Source":"cps-terraform.anthem.com/DIG/terraform-aws-mandatory-tags/aws","Version":"0.0.4","Dir":".terraform/modules/terraform_aws_kms_service.mandatory_tags"},{"Key":"terraform-aws-eks-cluster","Source":"cps-terraform.anthem.com/DIG/terraform-aws-eks-cluster/aws","Version":"1.0.3","Dir":".terraform/modules/terraform-aws-eks-cluster"},{"Key":"terraform-aws-eks-cluster.cluster-autoscaler.eks_cluster_autoscaler_role","Source":"cps-terraform.anthem.com/DIG/terraform-aws-iam-role/aws","Version":"0.1.4","Dir":".terraform/modules/terraform-aws-eks-cluster.cluster-autoscaler.eks_cluster_autoscaler_role"},{"Key":"terraform-aws-ecr-registry-policy","Source":"cps-terraform.anthem.com/DIG/terraform-aws-ecr-registry-policy/aws","Version":"0.0.1","Dir":".terraform/modules/terraform-aws-ecr-registry-policy"},{"Key":"terraform-aws-eks-datadog","Source":"cps-terraform.anthem.com/DIG/terraform-aws-eks-datadog/aws","Version":"0.0.3","Dir":".terraform/modules/terraform-aws-eks-datadog"},{"Key":"terraform-aws-weblogic-sg","Source":"cps-terraform.anthem.com/DIG/terraform-aws-sg/aws","Version":"0.2.1","Dir":".terraform/modules/terraform-aws-weblogic-sg"},{"Key":"terraform-aws-dms-event-subscription","Source":"cps-terraform.anthem.com/DIG/terraform-aws-dms-event-subscription/aws","Version":"0.0.3","Dir":".terraform/modules/terraform-aws-dms-event-subscription"},{"Key":"terraform-aws-ecr-replication-configuration","Source":"cps-terraform.anthem.com/DIG/terraform-aws-ecr-replication-configuration/aws","Version":"0.0.1","Dir":".terraform/modules/terraform-aws-ecr-replication-configuration"},{"Key":"terraform-aws-eks-cluster.terraform-aws-eks-twistlock-defender","Source":"cps-terraform.anthem.com/DIG/terraform-aws-eks-twistlock-defender/aws","Version":"0.0.5","Dir":".terraform/modules/terraform-aws-eks-cluster.terraform-aws-eks-twistlock-defender"},{"Key":"terraform-aws-eks-windows-node-group.iam-policy-attachment","Source":"cps-terraform.anthem.com/DIG/terraform-aws-iam-policy-attachment/aws","Version":"0.0.4","Dir":".terraform/modules/terraform-aws-eks-windows-node-group.iam-policy-attachment"},{"Key":"terraform-aws-eks-cluster.cluster-autoscaler","Source":"./cluster-autoscaler","Dir":".terraform/modules/terraform-aws-eks-cluster/cluster-autoscaler"},{"Key":"terraform-aws-ec2-asg-policy","Source":"cps-terraform.anthem.com/DIG/terraform-aws-ec2-asg-policy/aws","Version":"0.0.1","Dir":".terraform/modules/terraform-aws-ec2-asg-policy"},{"Key":"terraform-aws-eks-cluster.fargate_profile","Source":"cps-terraform.anthem.com/DIG/terraform-aws-eks-fargate/aws","Version":"0.0.3","Dir":".terraform/modules/terraform-aws-eks-cluster.fargate_profile"},{"Key":"terraform-aws-sg.mandatory_tags","Source":"cps-terraform.anthem.com/DIG/terraform-aws-mandatory-tags/aws","Version":"0.0.4","Dir":".terraform/modules/terraform-aws-sg.mandatory_tags"},{"Key":"terraform-aws-eks-windows-node-group.iam_instance_profile","Source":"cps-terraform.anthem.com/DIG/terraform-aws-iam-instance-profile/aws","Version":"0.0.7","Dir":".terraform/modules/terraform-aws-eks-windows-node-group.iam_instance_profile"},{"Key":"terraform-aws-eks-istio-ingress","Source":"cps-terraform.anthem.com/DIG/terraform-aws-eks-istio-ingress/aws","Version":"0.0.2","Dir":".terraform/modules/terraform-aws-eks-istio-ingress"},{"Key":"terraform-aws-eks-external-dns.terraform-external-dns-update-policy","Source":"cps-terraform.anthem.com/DIG/terraform-aws-iam-policy/aws","Version":"0.0.7","Dir":".terraform/modules/terraform-aws-eks-external-dns.terraform-external-dns-update-policy"},{"Key":"terraform-aws-eks-argocd.terraform-aws-helm-release-argocd","Source":"cps-terraform.anthem.com/DIG/terraform-aws-helm-release/aws","Version":"0.0.1","Dir":".terraform/modules/terraform-aws-eks-argocd.terraform-aws-helm-release-argocd"},{"Key":"terraform-aws-dms-replication-instance","Source":"cps-terraform.anthem.com/DIG/terraform-aws-dms-replication-instance/aws","Version":"0.0.5","Dir":".terraform/modules/terraform-aws-dms-replication-instance"},{"Key":"terraform-aws-s3","Source":"cps-terraform.anthem.com/DIG/terraform-aws-s3/aws","Version":"0.4.1","Dir":".terraform/modules/terraform-aws-s3"},{"Key":"terraform-aws-weblogic-sg.mandatory_tags","Source":"cps-terraform.anthem.com/DIG/terraform-aws-mandatory-tags/aws","Version":"0.0.4","Dir":".terraform/modules/terraform-aws-weblogic-sg.mandatory_tags"},{"Key":"terraform-aws-dms-endpoint","Source":"cps-terraform.anthem.com/DIG/terraform-aws-dms-endpoint/aws","Version":"0.1.1","Dir":".terraform/modules/terraform-aws-dms-endpoint"},{"Key":"terraform-aws-eks-cluster.karpenter.terraform-aws-iam-instance-profile","Source":"cps-terraform.anthem.com/DIG/terraform-aws-iam-instance-profile/aws","Version":"0.0.7","Dir":".terraform/modules/terraform-aws-eks-cluster.karpenter.terraform-aws-iam-instance-profile"},{"Key":"terraform-aws-eks-cluster.terraform-aws-kms-service-fargate","Source":"cps-terraform.anthem.com/DIG/terraform-aws-kms-service/aws","Version":"0.2.0","Dir":".terraform/modules/terraform-aws-eks-cluster.terraform-aws-kms-service-fargate"},{"Key":"terraform-aws-s3-bucket-object","Source":"cps-terraform.anthem.com/DIG/terraform-aws-s3-bucket-object/aws","Version":"0.1.3","Dir":".terraform/modules/terraform-aws-s3-bucket-object"},{"Key":"terraform-aws-ec2-host","Source":"cps-terraform.anthem.com/DIG/terraform-aws-ec2-host/aws","Version":"0.0.2","Dir":".terraform/modules/terraform-aws-ec2-host"},{"Key":"ec2instance","Source":"cps-terraform.anthem.com/DIG/terraform-aws-ec2/aws","Version":"0.4.2","Dir":".terraform/modules/ec2instance"},{"Key":"terraform-aws-eks-namespace.mandatory_tags","Source":"cps-terraform.anthem.com/DIG/terraform-aws-mandatory-tags/aws","Version":"0.0.4","Dir":".terraform/modules/terraform-aws-eks-namespace.mandatory_tags"},{"Key":"terraform-aws-sqs","Source":"cps-terraform.anthem.com/DIG/terraform-aws-sqs/aws","Version":"0.1.2","Dir":".terraform/modules/terraform-aws-sqs"},{"Key":"terraform-aws-eks-cluster.karpenter.karpenter_nodes_iam_role","Source":"cps-terraform.anthem.com/DIG/terraform-aws-iam-role/aws","Version":"0.1.4","Dir":".terraform/modules/terraform-aws-eks-cluster.karpenter.karpenter_nodes_iam_role"},{"Key":"terraform-aws-eks-ingress-nginx.terraform_helm_ingress_nginx","Source":"cps-terraform.anthem.com/DIG/terraform-aws-helm-release/aws","Version":"0.0.1","Dir":".terraform/modules/terraform-aws-eks-ingress-nginx.terraform_helm_ingress_nginx"},{"Key":"terraform-aws-acm-certificate","Source":"cps-terraform.anthem.com/DIG/terraform-aws-acm-certificate/aws","Version":"0.0.5","Dir":".terraform/modules/terraform-aws-acm-certificate"},{"Key":"terraform-aws-helm-release","Source":"cps-terraform.anthem.com/DIG/terraform-aws-helm-release/aws","Version":"0.0.1","Dir":".terraform/modules/terraform-aws-helm-release"},{"Key":"terraform-aws-eks-cluster.karpenter.eks_karpenter_iam_sa_role","Source":"cps-terraform.anthem.com/DIG/terraform-aws-iam-role/aws","Version":"0.1.4","Dir":".terraform/modules/terraform-aws-eks-cluster.karpenter.eks_karpenter_iam_sa_role"}]}