{"Modules":[{"Key":"terraform-aws-ec2-host","Source":"cps-terraform.anthem.com/DIG/terraform-aws-ec2-host/aws","Version":"0.0.2","Dir":".terraform/modules/terraform-aws-ec2-host"},{"Key":"terraform-aws-ecs.mandatory_tags","Source":"cps-terraform.anthem.com/DIG/terraform-aws-mandatory-tags/aws","Version":"0.0.4","Dir":".terraform/modules/terraform-aws-ecs.mandatory_tags"},{"Key":"terraform-aws-eks-cluster.fargate_profile","Source":"cps-terraform.anthem.com/DIG/terraform-aws-eks-fargate/aws","Version":"0.0.3","Dir":".terraform/modules/terraform-aws-eks-cluster.fargate_profile"},{"Key":"terraform-aws-eks-cluster.karpenter.event_bridge_target","Source":"cps-terraform.anthem.com/DIG/terraform-aws-eventbridge-target/aws","Version":"0.0.4","Dir":".terraform/modules/terraform-aws-eks-cluster.karpenter.event_bridge_target"},{"Key":"ec2instance","Source":"cps-terraform.anthem.com/DIG/terraform-aws-ec2/aws","Version":"0.4.2","Dir":".terraform/modules/ec2instance"},{"Key":"terraform-aws-eks-cluster.cluster-autoscaler","Source":"./cluster-autoscaler","Dir":".terraform/modules/terraform-aws-eks-cluster/cluster-autoscaler"},{"Key":"terraform-aws-eks-cluster.karpenter.terraform-aws-helm-release-karpenter","Source":"cps-terraform.anthem.com/DIG/terraform-aws-helm-release/aws","Version":"0.0.1","Dir":".terraform/modules/terraform-aws-eks-cluster.karpenter.terraform-aws-helm-release-karpenter"},{"Key":"terraform-aws-eks-cluster.terraform-aws-eks-twistlock-defender","Source":"cps-terraform.anthem.com/DIG/terraform-aws-eks-twistlock-defender/aws","Version":"0.0.5","Dir":".terraform/modules/terraform-aws-eks-cluster.terraform-aws-eks-twistlock-defender"},{"Key":"terraform-aws-weblogic-sg.mandatory_tags","Source":"cps-terraform.anthem.com/DIG/terraform-aws-mandatory-tags/aws","Version":"0.0.4","Dir":".terraform/modules/terraform-aws-weblogic-sg.mandatory_tags"},{"Key":"terraform-aws-eks-cluster.cluster-autoscaler.terraform-aws-helm-release-cluster-autoscaler","Source":"cps-terraform.anthem.com/DIG/terraform-aws-helm-release/aws","Version":"0.0.1","Dir":".terraform/modules/terraform-aws-eks-cluster.cluster-autoscaler.terraform-aws-helm-release-cluster-autoscaler"},{"Key":"terraform-aws-helm-release","Source":"cps-terraform.anthem.com/DIG/terraform-aws-helm-release/aws","Version":"0.0.1","Dir":".terraform/modules/terraform-aws-helm-release"},{"Key":"terraform-aws-lambda","Source":"cps-terraform.anthem.com/DIG/terraform-aws-lambda/aws","Version":"0.2.4","Dir":".terraform/modules/terraform-aws-lambda"},{"Key":"terraform-aws-sqs","Source":"cps-terraform.anthem.com/DIG/terraform-aws-sqs/aws","Version":"0.1.2","Dir":".terraform/modules/terraform-aws-sqs"},{"Key":"","Source":"","Dir":"."},{"Key":"instance-profile","Source":"cps-terraform.anthem.com/DIG/terraform-aws-iam-instance-profile/aws","Version":"0.0.7","Dir":".terraform/modules/instance-profile"},{"Key":"terraform-aws-acm-certificate","Source":"cps-terraform.anthem.com/DIG/terraform-aws-acm-certificate/aws","Version":"0.0.5","Dir":".terraform/modules/terraform-aws-acm-certificate"},{"Key":"terraform-aws-api-gateway-account","Source":"cps-terraform.anthem.com/DIG/terraform-aws-api-gateway-account/aws","Version":"0.0.3","Dir":".terraform/modules/terraform-aws-api-gateway-account"},{"Key":"terraform-aws-api-gateway-client-certificate","Source":"cps-terraform.anthem.com/DIG/terraform-aws-api-gateway-client-certificate/aws","Version":"0.0.2","Dir":".terraform/modules/terraform-aws-api-gateway-client-certificate"},{"Key":"terraform-aws-ecs","Source":"cps-terraform.anthem.com/DIG/terraform-aws-ecs/aws","Version":"0.1.7","Dir":".terraform/modules/terraform-aws-ecs"},{"Key":"terraform-aws-eks-cluster.fargate_profile.eks-fargate-profile-role","Source":"cps-terraform.anthem.com/DIG/terraform-aws-iam-role/aws","Version":"0.1.4","Dir":".terraform/modules/terraform-aws-eks-cluster.fargate_profile.eks-fargate-profile-role"},{"Key":"terraform-aws-eks-cluster.karpenter.terraform-aws-sqs","Source":"cps-terraform.anthem.com/DIG/terraform-aws-sqs/aws","Version":"0.1.2","Dir":".terraform/modules/terraform-aws-eks-cluster.karpenter.terraform-aws-sqs"},{"Key":"terraform-aws-s3","Source":"cps-terraform.anthem.com/DIG/terraform-aws-s3/aws","Version":"0.4.1","Dir":".terraform/modules/terraform-aws-s3"},{"Key":"terraform-aws-s3-bucket-object","Source":"cps-terraform.anthem.com/DIG/terraform-aws-s3-bucket-object/aws","Version":"0.1.3","Dir":".terraform/modules/terraform-aws-s3-bucket-object"},{"Key":"terraform-aws-sg.mandatory_tags","Source":"cps-terraform.anthem.com/DIG/terraform-aws-mandatory-tags/aws","Version":"0.0.4","Dir":".terraform/modules/terraform-aws-sg.mandatory_tags"},{"Key":"terraform_aws_kms_service","Source":"cps-terraform.anthem.com/DIG/terraform-aws-kms-service/aws","Version":"0.1.7","Dir":".terraform/modules/terraform_aws_kms_service"},{"Key":"terraform-aws-ami-from-instance","Source":"cps-terraform.anthem.com/DIG/terraform-aws-ami-from-instance/aws","Version":"0.0.3","Dir":".terraform/modules/terraform-aws-ami-from-instance"},{"Key":"terraform-aws-api-gateway-authorizer","Source":"cps-terraform.anthem.com/DIG/terraform-aws-api-gateway-authorizer/aws","Version":"0.0.2","Dir":".terraform/modules/terraform-aws-api-gateway-authorizer"},{"Key":"terraform-aws-eks-cluster.karpenter","Source":"./karpenter","Dir":".terraform/modules/terraform-aws-eks-cluster/karpenter"},{"Key":"terraform-aws-eks-cluster.karpenter.eks_karpenter_iam_sa_role","Source":"cps-terraform.anthem.com/DIG/terraform-aws-iam-role/aws","Version":"0.1.4","Dir":".terraform/modules/terraform-aws-eks-cluster.karpenter.eks_karpenter_iam_sa_role"},{"Key":"terraform-aws-eks-cluster.karpenter.karpenter_nodes_iam_role","Source":"cps-terraform.anthem.com/DIG/terraform-aws-iam-role/aws","Version":"0.1.4","Dir":".terraform/modules/terraform-aws-eks-cluster.karpenter.karpenter_nodes_iam_role"},{"Key":"terraform-aws-eks-cluster.karpenter.terraform-aws-iam-instance-profile","Source":"cps-terraform.anthem.com/DIG/terraform-aws-iam-instance-profile/aws","Version":"0.0.7","Dir":".terraform/modules/terraform-aws-eks-cluster.karpenter.terraform-aws-iam-instance-profile"},{"Key":"terraform-aws-eks-cluster.terraform-aws-kms-service-fargate","Source":"cps-terraform.anthem.com/DIG/terraform-aws-kms-service/aws","Version":"0.2.0","Dir":".terraform/modules/terraform-aws-eks-cluster.terraform-aws-kms-service-fargate"},{"Key":"terraform-aws-sg","Source":"cps-terraform.anthem.com/DIG/terraform-aws-sg/aws","Version":"0.2.1","Dir":".terraform/modules/terraform-aws-sg"},{"Key":"terraform-aws-weblogic-sg","Source":"cps-terraform.anthem.com/DIG/terraform-aws-sg/aws","Version":"0.2.1","Dir":".terraform/modules/terraform-aws-weblogic-sg"},{"Key":"terraform_aws_kms_service.mandatory_tags","Source":"cps-terraform.anthem.com/DIG/terraform-aws-mandatory-tags/aws","Version":"0.0.4","Dir":".terraform/modules/terraform_aws_kms_service.mandatory_tags"},{"Key":"terraform-aws-alb","Source":"cps-terraform.anthem.com/DIG/terraform-aws-alb/aws","Version":"0.2.7","Dir":".terraform/modules/terraform-aws-alb"},{"Key":"terraform-aws-api-gateway-base-path-mapping","Source":"cps-terraform.anthem.com/DIG/terraform-aws-api-gateway-base-path-mapping/aws","Version":"0.0.1","Dir":".terraform/modules/terraform-aws-api-gateway-base-path-mapping"},{"Key":"terraform-aws-eks-cluster.cluster-autoscaler.eks_cluster_autoscaler_role","Source":"cps-terraform.anthem.com/DIG/terraform-aws-iam-role/aws","Version":"0.1.4","Dir":".terraform/modules/terraform-aws-eks-cluster.cluster-autoscaler.eks_cluster_autoscaler_role"},{"Key":"terraform-aws-eks-cluster.karpenter.cloudwatch_log_event_rule","Source":"cps-terraform.anthem.com/DIG/terraform-aws-eventbridge-rule/aws","Version":"0.0.5","Dir":".terraform/modules/terraform-aws-eks-cluster.karpenter.cloudwatch_log_event_rule"},{"Key":"iam-role","Source":"cps-terraform.anthem.com/DIG/terraform-aws-iam-role/aws","Version":"0.1.4","Dir":".terraform/modules/iam-role"},{"Key":"mandatory_tags","Source":"cps-terraform.anthem.com/DIG/terraform-aws-mandatory-tags-v2/aws","Version":"0.0.1","Dir":".terraform/modules/mandatory_tags"},{"Key":"terraform-aws-eks-cluster","Source":"cps-terraform.anthem.com/DIG/terraform-aws-eks-cluster/aws","Version":"1.0.3","Dir":".terraform/modules/terraform-aws-eks-cluster"}]}